时间,设备名称,片上时间(),加速度X(g),加速度Y(g),加速度Z(g),角速度X(°/s),角速度Y(°/s),角速度Z(°/s),角度X(°),角度Y(°),角度Z(°),磁场X(ʯt),磁场Y(ʯt),磁场Z(ʯt),温度(℃),气压(Pa),高度(m),经度(),纬度(),GPS地速(km),运动航向角(°),GPS高度(m),卫星数量(),位置定位精度(),水平定位精度(),垂直定位精度(),四元数0(),四元数1(),四元数2(),四元数3()
 14:46:23.321,COM3, 2076-28-187 08:14:42.819, 0.000, -0.002, 1.013, 0.000, 0.000, -0.671, 0.093, 0.220, -160.889,,,, 29.02,,, 0.000000, 0.000000, 0.000, 0.000, 0.000, 0, 0.00, 31.20, 0.00, 0.89426, 0.00159, 0.00134, -0.44745,
 14:46:23.519,COM3, 2076-28-187 08:14:43.010, 0.000, 0.000, 1.013, 0.000, 0.000, 0.000, 0.110, 0.225, -160.922,,,, 29.02,,, 0.000000, 0.000000, 0.000, 0.000, 0.000, 0, 0.00, 31.20, 0.00, 0.89410, 0.00174, 0.00134, -0.44775,
 14:46:23.718,COM3, 2076-28-187 08:14:43.269, 0.000, 0.000, 1.013, 0.000, 0.000, -0.061, 0.104, 0.225, -160.933,,,, 29.02,,, 0.000000, 0.000000, 0.000, 0.000, 0.000, 0, 0.00, 31.20, 0.00, 0.89404, 0.00174, 0.00131, -0.44785,
 14:46:23.916,COM3, 2076-28-187 08:14:43.464, 0.000, 0.000, 1.011, 0.000, 0.000, 0.000, 0.110, 0.220, -160.933,,,, 29.05,,, 0.000000, 0.000000, 0.000, 0.000, 0.000, 0, 0.00, 31.20, 0.00, 0.89404, 0.00174, 0.00131, -0.44785,
 14:46:24.117,COM3, 2076-28-187 08:14:43.675, -0.002, 0.000, 1.013, 0.000, 0.000, 0.000, 0.110, 0.225, -160.933,,,, 29.05,,, 0.000000, 0.000000, 0.000, 0.000, 0.000, 0, 0.00, 31.20, 0.00, 0.89407, 0.00174, 0.00131, -0.44781,
 14:46:24.315,COM3, 2076-28-187 08:14:43.864, 0.024, 0.000, 1.012, 0.000, 0.244, 0.000, 0.121, 0.253, -160.933,,,, 29.02,,, 0.000000, 0.000000, 0.000, 0.000, 0.000, 0, 0.00, 31.20, 0.00, 0.89407, 0.00192, 0.00146, -0.44781,
 14:46:24.514,COM3, 2076-28-187 08:14:44.050, -0.006, -0.003, 1.012, -0.061, -0.122, -8.362, 0.077, 0.236, -161.197,,,, 29.05,,, 0.000000, 0.000000, 0.000, 0.000, 0.000, 0, 0.00, 31.20, 0.00, 0.89322, 0.00156, 0.00153, -0.44952,
 14:46:24.715,COM3, 2076-28-187 08:14:44.259, 0.108, -0.053, 1.015, -0.061, 0.549, -3.357, 0.027, 0.209, -162.147,,,, 29.02,,, 0.000000, 0.000000, 0.000, 0.000, 0.000, 0, 0.00, 31.20, 0.00, 0.88934, 0.00107, 0.00153, -0.45712,
 14:46:24.911,COM3, 2076-28-187 08:14:44.449, -0.035, -0.022, 1.015, -0.671, 0.366, -26.428, -0.038, 0.148, -163.109,,,, 29.02,,, 0.000000, 0.000000, 0.000, 0.000, 0.000, 0, 0.00, 31.20, 0.00, 0.88596, 0.00027, 0.00134, -0.46365,
 14:46:25.112,COM3, 2076-28-187 08:14:44.660, 0.027, 0.109, 1.019, 5.798, -0.244, -93.140, 0.071, 0.143, -178.456,,,, 29.00,,, 0.000000, 0.000000, 0.000, 0.000, 0.000, 0, 0.00, 31.20, 0.00, 0.81778, 0.00122, 0.00064, -0.57547,
 14:46:25.311,COM3, 2076-28-187 08:14:44.849, 0.087, -0.119, 1.014, 0.183, -0.244, -53.345, 0.011, 0.143, 167.305,,,, 29.02,,, 0.000000, 0.000000, 0.000, 0.000, 0.000, 0, 0.00, 31.20, 0.00, 0.73901, 0.00092, 0.00085, -0.67361,
 14:46:25.511,COM3, 2076-28-187 08:14:45.059, -0.021, 0.152, 1.026, -2.197, 2.380, 15.503, 1.857, -0.154, 172.606,,,, 29.00,,, 0.000000, 0.000000, 0.000, 0.000, 0.000, 0, 0.00, 31.20, 0.00, 0.76736, 0.01157, -0.01144, -0.64093,
 14:46:25.708,COM3, 2076-28-187 08:14:45.255, -0.171, -0.046, 1.022, -7.507, 1.587, 72.876, 0.132, 0.203, 177.539,,,, 29.02,,, 0.000000, 0.000000, 0.000, 0.000, 0.000, 0, 0.00, 31.20, 0.00, 0.79285, 0.00201, 0.00070, -0.60934,
 14:46:25.908,COM3, 2076-28-187 08:14:45.465, 0.066, 0.001, 1.016, 3.174, -1.160, 27.222, -0.077, 0.198, -172.062,,,, 28.97,,, 0.000000, 0.000000, 0.000, 0.000, 0.000, 0, 0.00, 31.20, 0.00, 0.84586, 0.00034, 0.00183, -0.53333,
 14:46:26.106,COM3, 2076-28-187 08:14:45.654, -0.059, -0.065, 1.017, 1.892, 0.183, 38.635, 0.143, 0.176, -160.241,,,, 29.00,,, 0.000000, 0.000000, 0.000, 0.000, 0.000, 0, 0.00, 31.20, 0.00, 0.89606, 0.00183, 0.00079, -0.44382,
 14:46:26.305,COM3, 2076-28-187 08:14:45.839, -0.140, 0.000, 1.011, 2.014, 1.038, 54.077, 0.143, 0.082, -157.505,,,, 29.00,,, 0.000000, 0.000000, 0.000, 0.000, 0.000, 0, 0.00, 31.20, 0.00, 0.90610, 0.00146, 0.00012, -0.42294,
 14:46:26.504,COM3, 2076-28-187 08:14:46.055, 0.308, -0.035, 1.009, 0.183, 0.000, 62.988, 0.104, 0.044, -148.343,,,, 29.02,,, 0.000000, 0.000000, 0.000, 0.000, 0.000, 0, 0.00, 31.20, 0.00, 0.93686, 0.00101, 0.00003, -0.34958,
 14:46:26.704,COM3, 2076-28-187 08:14:46.205, 0.084, -0.053, 1.011, 2.808, -0.122, 17.456, 0.807, -0.027, -143.828,,,, 29.00,,, 0.000000, 0.000000, 0.000, 0.000, 0.000, 0, 0.00, 31.20, 0.00, 0.95050, 0.00665, -0.00244, -0.31052,
 14:46:26.902,COM3, 2076-28-187 08:14:46.384, -0.060, -0.028, 1.035, -5.676, -0.549, -43.213, 0.450, -0.071, -149.865,,,, 28.99,,, 0.000000, 0.000000, 0.000, 0.000, 0.000, 0, 0.00, 31.20, 0.00, 0.93378, 0.00345, -0.00198, -0.35767,
 14:46:27.101,COM3, 2076-28-187 08:14:46.604, -0.042, 0.000, 1.011, 0.793, -0.366, -38.757, 0.209, -0.022, -158.242,,,, 29.02,,, 0.000000, 0.000000, 0.000, 0.000, 0.000, 0, 0.00, 31.20, 0.00, 0.90509, 0.00156, -0.00098, -0.42508,
 14:46:27.301,COM3, 2076-28-187 08:14:46.789, 0.032, 0.002, 1.015, 0.000, -0.610, -16.602, 0.159, -0.033, -163.784,,,, 28.99,,, 0.000000, 0.000000, 0.000, 0.000, 0.000, 0, 0.00, 31.20, 0.00, 0.88303, 0.00110, -0.00092, -0.46921,
 14:46:27.499,COM3, 2076-28-187 08:14:47.019, 0.011, 0.006, 1.018, 0.671, 2.075, -24.170, 0.159, 0.000, -167.108,,,, 28.94,,, 0.000000, 0.000000, 0.000, 0.000, 0.000, 0, 0.00, 31.20, 0.00, 0.86923, 0.00119, -0.00070, -0.49429,
 14:46:27.699,COM3, 2076-28-187 08:14:47.240, -0.056, -0.006, 1.012, -0.549, 0.000, -6.897, 0.082, 0.110, -170.662,,,, 28.95,,, 0.000000, 0.000000, 0.000, 0.000, 0.000, 0, 0.00, 31.20, 0.00, 0.85309, 0.00113, 0.00043, -0.52167,
 14:46:27.898,COM3, 2076-28-187 08:14:47.425, -0.048, 0.000, 1.001, 12.695, 3.235, -29.846, 1.307, 0.379, -173.952,,,, 28.97,,, 0.000000, 0.000000, 0.000, 0.000, 0.000, 0, 0.00, 31.20, 0.00, 0.83826, 0.01138, -0.00342, -0.54504,
 14:46:28.098,COM3, 2076-28-187 08:14:47.644, -0.035, -0.010, 0.986, -6.836, -3.174, -39.490, 1.566, 0.555, -178.583,,,, 29.00,,, 0.000000, 0.000000, 0.000, 0.000, 0.000, 0, 0.00, 31.20, 0.00, 0.81577, 0.01398, -0.00391, -0.57809,
 14:46:28.296,COM3, 2076-28-187 08:14:47.824, -0.091, -0.007, 1.010, -1.099, 0.000, 0.122, 0.126, 0.363, 176.358,,,, 29.00,,, 0.000000, 0.000000, 0.000, 0.000, 0.000, 0, 0.00, 31.20, 0.00, 0.78851, 0.00284, 0.00180, -0.61490,
 14:46:28.496,COM3, 2076-28-187 08:14:48.009, -0.046, -0.018, 1.004, 10.864, 0.610, 22.949, 0.357, 0.401, 176.957,,,, 28.97,,, 0.000000, 0.000000, 0.000, 0.000, 0.000, 0, 0.00, 31.20, 0.00, 0.79111, 0.00461, 0.00082, -0.61157,
 14:46:28.696,COM3, 2076-28-187 08:14:48.230, -0.021, 0.051, 0.992, -7.507, 4.028, 13.367, 1.071, 0.291, -179.363,,,, 28.97,,, 0.000000, 0.000000, 0.000, 0.000, 0.000, 0, 0.00, 31.20, 0.00, 0.81049, 0.00906, -0.00339, -0.58557,
 14:46:28.894,COM3, 2076-28-187 08:14:48.445, -0.004, -0.005, 1.015, -1.648, -1.404, 13.123, 0.253, 0.401, -177.621,,,, 29.00,,, 0.000000, 0.000000, 0.000, 0.000, 0.000, 0, 0.00, 31.20, 0.00, 0.81934, 0.00381, 0.00156, -0.57321,
 14:46:29.091,COM3, 2076-28-187 08:14:48.629, -0.064, -0.003, 1.014, 0.000, 0.122, 6.104, 0.313, 0.467, -175.325,,,, 29.00,,, 0.000000, 0.000000, 0.000, 0.000, 0.000, 0, 0.00, 31.20, 0.00, 0.83084, 0.00455, 0.00183, -0.55640,
 14:46:29.291,COM3, 2076-28-187 08:14:48.849, 0.023, 0.000, 1.014, 1.648, 0.427, 9.033, 0.220, 0.428, -172.870,,,, 29.02,,, 0.000000, 0.000000, 0.000, 0.000, 0.000, 0, 0.00, 31.20, 0.00, 0.84253, 0.00366, 0.00208, -0.53854,
 14:46:29.491,COM3, 2076-28-187 08:14:49.040, 0.168, 0.011, 1.015, -0.183, 0.244, 13.916, 0.313, 0.406, -169.200,,,, 29.00,,, 0.000000, 0.000000, 0.000, 0.000, 0.000, 0, 0.00, 31.20, 0.00, 0.85922, 0.00418, 0.00165, -0.51151,
 14:46:29.689,COM3, 2076-28-187 08:14:49.215, 0.015, -0.001, 1.007, -5.127, -0.183, 16.663, 0.335, 0.434, -165.438,,,, 28.97,,, 0.000000, 0.000000, 0.000, 0.000, 0.000, 0, 0.00, 31.20, 0.00, 0.87549, 0.00439, 0.00189, -0.48312,
 14:46:29.889,COM3, 2076-28-187 08:14:49.435, 0.010, -0.005, 1.013, -0.061, 0.000, 26.733, 0.126, 0.428, -161.516,,,, 29.00,,, 0.000000, 0.000000, 0.000, 0.000, 0.000, 0, 0.00, 31.20, 0.00, 0.89133, 0.00269, 0.00284, -0.45325,
 14:46:30.087,COM3, 2076-28-187 08:14:49.614, 0.042, -0.029, 1.015, 0.793, -1.099, 41.260, 0.066, 0.352, -155.506,,,, 28.99,,, 0.000000, 0.000000, 0.000, 0.000, 0.000, 0, 0.00, 31.20, 0.00, 0.91360, 0.00177, 0.00256, -0.40646,
 14:46:30.287,COM3, 2076-28-187 08:14:49.834, 0.026, -0.037, 1.014, 0.000, 0.000, 19.226, 0.126, 0.242, -149.782,,,, 28.95,,, 0.000000, 0.000000, 0.000, 0.000, 0.000, 0, 0.00, 31.20, 0.00, 0.93311, 0.00180, 0.00156, -0.35947,
 14:46:30.485,COM3, 2076-28-187 08:14:50.025, 0.054, -0.109, 1.013, -0.610, -0.122, 2.441, 0.060, 0.170, -148.848,,,, 28.95,,, 0.000000, 0.000000, 0.000, 0.000, 0.000, 0, 0.00, 31.20, 0.00, 0.93628, 0.00104, 0.00119, -0.35114,
 14:46:30.684,COM3, 2076-28-187 08:14:50.235, -0.034, -0.008, 1.016, -0.488, -0.244, -13.550, 0.330, 0.115, -153.353,,,, 28.95,,, 0.000000, 0.000000, 0.000, 0.000, 0.000, 0, 0.00, 31.20, 0.00, 0.92203, 0.00305, -0.00012, -0.38702,
 14:46:30.883,COM3, 2076-28-187 08:14:50.420, 0.075, -0.017, 1.012, -3.906, 1.953, -24.292, 0.027, 0.115, -158.335,,,, 28.91,,, 0.000000, 0.000000, 0.000, 0.000, 0.000, 0, 0.00, 31.20, 0.00, 0.90451, 0.00067, 0.00082, -0.42630,
 14:46:31.082,COM3, 2076-28-187 08:14:50.639, 0.039, -0.001, 1.010, 0.610, 0.793, -10.498, 0.269, 0.093, -163.488,,,, 28.91,,, 0.000000, 0.000000, 0.000, 0.000, 0.000, 0, 0.00, 31.20, 0.00, 0.88419, 0.00250, -0.00034, -0.46704,
 14:46:31.281,COM3, 2076-28-187 08:14:50.819, -0.042, 0.027, 1.014, -0.793, 0.183, -24.841, 0.187, 0.115, -168.734,,,, 28.94,,, 0.000000, 0.000000, 0.000, 0.000, 0.000, 0, 0.00, 31.20, 0.00, 0.86218, 0.00192, 0.00003, -0.50650,
 14:46:31.480,COM3, 2076-28-187 08:14:51.015, 0.043, -0.008, 1.015, 0.183, -0.244, -18.066, 0.187, 0.170, -174.023,,,, 28.95,,, 0.000000, 0.000000, 0.000, 0.000, 0.000, 0, 0.00, 31.20, 0.00, 0.83774, 0.00220, 0.00037, -0.54596,
 14:46:31.680,COM3, 2076-28-187 08:14:51.159, -0.078, 0.012, 1.013, 0.183, -0.183, -20.203, 0.198, 0.214, -178.517,,,, 28.91,,, 0.000000, 0.000000, 0.000, 0.000, 0.000, 0, 0.00, 31.20, 0.00, 0.81577, 0.00250, 0.00052, -0.57828,
 14:46:31.878,COM3, 2076-28-187 08:14:51.379, -0.072, 0.022, 1.011, 0.488, -0.183, -8.667, 0.187, 0.275, 178.341,,,, 28.92,,, 0.000000, 0.000000, 0.000, 0.000, 0.000, 0, 0.00, 31.20, 0.00, 0.79935, 0.00275, 0.00092, -0.60080,
 14:46:32.108,COM3, 2076-28-187 08:14:51.564, 0.023, -0.012, 1.012, -0.305, -1.343, 42.786, 0.170, 0.258, -177.358,,,, 28.92,,, 0.000000, 0.000000, 0.000, 0.000, 0.000, 0, 0.00, 31.20, 0.00, 0.82001, 0.00250, 0.00098, -0.57227,
 14:46:32.306,COM3, 2076-28-187 08:14:51.810, 0.016, 0.009, 1.009, -5.737, -0.244, 12.695, 0.077, 0.187, -172.112,,,, 28.95,,, 0.000000, 0.000000, 0.000, 0.000, 0.000, 0, 0.00, 31.20, 0.00, 0.84604, 0.00146, 0.00104, -0.53302,
 14:46:32.506,COM3, 2076-28-187 08:14:51.995, 0.086, -0.029, 1.014, 0.427, -0.366, 14.282, -0.082, 0.071, -168.904,,,, 28.95,,, 0.000000, 0.000000, 0.000, 0.000, 0.000, 0, 0.00, 31.20, 0.00, 0.86063, -0.00027, 0.00092, -0.50916,
 14:46:32.704,COM3, 2076-28-187 08:14:52.265, -0.227, 0.027, 1.010, 0.122, -25.391, 11.902, -0.066, -2.928, -165.311,,,, 28.91,,, 0.000000, 0.000000, 0.000, 0.000, 0.000, 0, 0.00, 31.20, 0.00, 0.87595, -0.01285, -0.02209, -0.48166,
 14:46:32.904,COM3, 2076-28-187 08:14:52.444, 0.220, -0.150, 1.033, 15.320, -56.335, 4.456, 0.709, -2.005, -165.421,,,, 28.92,,, 0.000000, 0.000000, 0.000, 0.000, 0.000, 0, 0.00, 31.20, 0.00, 0.87582, -0.00302, -0.01831, -0.48215,
 14:46:33.104,COM3, 2076-28-187 08:14:52.629, 0.021, 0.156, 0.902, -29.419, 55.298, -25.391, 5.905, -9.476, -160.565,,,, 28.89,,, 0.000000, 0.000000, 0.000, 0.000, 0.000, 0, 0.00, 31.20, 0.00, 0.89246, 0.00912, -0.09674, -0.44043,
 14:46:33.302,COM3, 2076-28-187 08:14:52.849, 0.035, -0.026, 1.016, -17.456, 25.818, -3.601, 0.181, -2.752, -162.153,,,, 28.91,,, 0.000000, 0.000000, 0.000, 0.000, 0.000, 0, 0.00, 31.20, 0.00, 0.88962, -0.00952, -0.02209, -0.45593,
 14:46:33.502,COM3, 2076-28-187 08:14:53.030, 0.008, -0.019, 1.017, -0.854, -0.427, -9.705, -0.082, -0.406, -164.284,,,, 28.86,,, 0.000000, 0.000000, 0.000, 0.000, 0.000, 0, 0.00, 31.20, 0.00, 0.88147, -0.00235, -0.00275, -0.47211,
 14:46:33.699,COM3, 2076-28-187 08:14:53.250, -0.037, 0.018, 1.010, -0.610, 0.122, -12.512, -0.445, -0.324, -166.816,,,, 28.91,,, 0.000000, 0.000000, 0.000, 0.000, 0.000, 0, 0.00, 31.20, 0.00, 0.87100, -0.00479, -0.00055, -0.49115,
 14:46:33.899,COM3, 2076-28-187 08:14:53.434, -0.073, -0.003, 1.012, -1.587, 0.488, -11.536, -0.308, -0.220, -169.678,,,, 28.91,,, 0.000000, 0.000000, 0.000, 0.000, 0.000, 0, 0.00, 31.20, 0.00, 0.85861, -0.00330, -0.00027, -0.51254,
 14:46:34.098,COM3, 2076-28-187 08:14:53.649, -0.029, 0.004, 1.014, -0.244, 0.854, -8.728, -0.115, -0.165, -171.760,,,, 28.89,,, 0.000000, 0.000000, 0.000, 0.000, 0.000, 0, 0.00, 31.20, 0.00, 0.84918, -0.00165, -0.00067, -0.52798,
 14:46:34.296,COM3, 2076-28-187 08:14:53.834, -0.037, 0.017, 1.013, -0.977, -0.122, -10.193, -0.181, -0.082, -173.864,,,, 28.89,,, 0.000000, 0.000000, 0.000, 0.000, 0.000, 0, 0.00, 31.20, 0.00, 0.83948, -0.00171, 0.00024, -0.54327,
 14:46:34.495,COM3, 2076-28-187 08:14:54.055, -0.003, 0.001, 1.007, 1.221, 1.831, -6.409, -0.005, 0.005, -176.067,,,, 28.89,,, 0.000000, 0.000000, 0.000, 0.000, 0.000, 0, 0.00, 31.20, 0.00, 0.82889, 0.00000, 0.00009, -0.55930,
 14:46:34.695,COM3, 2076-28-187 08:14:54.235, -0.031, 0.033, 1.015, -0.732, 0.305, 13.245, 0.324, 0.082, -175.952,,,, 28.91,,, 0.000000, 0.000000, 0.000, 0.000, 0.000, 0, 0.00, 31.20, 0.00, 0.82904, 0.00275, -0.00098, -0.55911,
 14:46:34.893,COM3, 2076-28-187 08:14:54.419, -0.007, 0.012, 1.014, 0.183, 0.305, 0.916, 0.011, 0.126, -175.386,,,, 28.92,,, 0.000000, 0.000000, 0.000, 0.000, 0.000, 0, 0.00, 31.20, 0.00, 0.83215, 0.00070, 0.00089, -0.55444,
 14:46:35.094,COM3, 2076-28-187 08:14:54.639, -0.025, 0.024, 1.010, 3.174, 0.549, 19.714, -0.082, 0.110, -172.354,,,, 28.94,,, 0.000000, 0.000000, 0.000, 0.000, 0.000, 0, 0.00, 31.20, 0.00, 0.84616, -0.00009, 0.00122, -0.53281,
 14:46:35.292,COM3, 2076-28-187 08:14:54.819, 0.024, 0.007, 1.015, 0.366, -0.610, 25.879, 0.187, 0.044, -169.014,,,, 28.89,,, 0.000000, 0.000000, 0.000, 0.000, 0.000, 0, 0.00, 31.20, 0.00, 0.86130, 0.00162, -0.00046, -0.50800,
 14:46:35.491,COM3, 2076-28-187 08:14:55.040, -0.034, 0.023, 1.015, 0.000, 0.244, 14.038, 0.220, 0.077, -165.443,,,, 28.86,,, 0.000000, 0.000000, 0.000, 0.000, 0.000, 0, 0.00, 31.20, 0.00, 0.87704, 0.00204, -0.00034, -0.48029,
 14:46:35.689,COM3, 2076-28-187 08:14:55.185, 0.014, 0.008, 1.019, 1.221, -0.183, 42.297, 0.220, 0.115, -159.615,,,, 28.89,,, 0.000000, 0.000000, 0.000, 0.000, 0.000, 0, 0.00, 31.20, 0.00, 0.89987, 0.00220, 0.00006, -0.43604,
 14:46:35.888,COM3, 2076-28-187 08:14:55.369, 0.018, -0.043, 1.014, 0.977, 0.000, 8.850, 0.077, -0.049, -153.171,,,, 28.86,,, 0.000000, 0.000000, 0.000, 0.000, 0.000, 0, 0.00, 31.20, 0.00, 0.92355, 0.00046, -0.00067, -0.38336,
 14:46:36.088,COM3, 2076-28-187 08:14:55.589, -0.010, -0.064, 1.013, 0.793, -0.183, 12.573, 0.093, -0.066, -150.579,,,, 28.81,,, 0.000000, 0.000000, 0.000, 0.000, 0.000, 0, 0.00, 31.20, 0.00, 0.93198, 0.00058, -0.00085, -0.36240,
 14:46:36.286,COM3, 2076-28-187 08:14:55.774, 0.017, -0.003, 1.014, -0.061, 0.061, 1.282, 0.319, -0.088, -150.200,,,, 28.84,,, 0.000000, 0.000000, 0.000, 0.000, 0.000, 0, 0.00, 31.20, 0.00, 0.93335, 0.00229, -0.00174, -0.35880,
 14:46:36.488,COM3, 2076-28-187 08:14:55.964, -0.004, 0.015, 1.014, 0.061, -0.061, -0.488, 0.291, -0.099, -149.128,,,, 28.84,,, 0.000000, 0.000000, 0.000, 0.000, 0.000, 0, 0.00, 31.20, 0.00, 0.93674, 0.00211, -0.00174, -0.34985,
 14:46:36.686,COM3, 2076-28-187 08:14:56.225, 0.135, 0.000, 1.013, 0.000, -0.061, 0.061, 0.302, -0.093, -150.441,,,, 28.83,,, 0.000000, 0.000000, 0.000, 0.000, 0.000, 0, 0.00, 31.20, 0.00, 0.93271, 0.00217, -0.00171, -0.36044,
 14:46:36.886,COM3, 2076-28-187 08:14:56.445, 0.005, 0.072, 1.013, -0.366, -0.244, -35.828, 0.297, -0.110, -150.645,,,, 28.83,,, 0.000000, 0.000000, 0.000, 0.000, 0.000, 0, 0.00, 31.20, 0.00, 0.93271, 0.00208, -0.00183, -0.36050,
 14:46:37.083,COM3, 2076-28-187 08:14:56.624, 0.078, -0.004, 1.014, -0.549, 0.061, -49.866, -0.005, -0.071, -157.791,,,, 28.84,,, 0.000000, 0.000000, 0.000, 0.000, 0.000, 0, 0.00, 31.20, 0.00, 0.90869, -0.00034, -0.00052, -0.41736,
 14:46:37.286,COM3, 2076-28-187 08:14:56.809, -0.033, 0.090, 1.014, 0.671, -0.061, -28.259, 0.049, -0.121, -164.328,,,, 28.80,,, 0.000000, 0.000000, 0.000, 0.000, 0.000, 0, 0.00, 31.20, 0.00, 0.88303, -0.00009, -0.00116, -0.46924,
 14:46:37.481,COM3, 2076-28-187 08:14:57.035, -0.031, -0.045, 1.016, 0.122, 1.770, -17.395, 0.005, -0.093, -170.832,,,, 28.88,,, 0.000000, 0.000000, 0.000, 0.000, 0.000, 0, 0.00, 31.20, 0.00, 0.85477, -0.00037, -0.00073, -0.51889,
 14:46:37.683,COM3, 2076-28-187 08:14:57.210, -0.108, 0.000, 1.013, 1.038, -0.183, -25.330, -0.038, 0.005, -175.743,,,, 28.83,,, 0.000000, 0.000000, 0.000, 0.000, 0.000, 0, 0.00, 31.20, 0.00, 0.83200, -0.00024, 0.00021, -0.55469,
 14:46:37.879,COM3, 2076-28-187 08:14:57.430, 0.110, 0.033, 1.009, -0.122, 0.000, 11.719, 0.242, 0.093, -179.769,,,, 28.86,,, 0.000000, 0.000000, 0.000, 0.000, 0.000, 0, 0.00, 31.20, 0.00, 0.81107, 0.00220, -0.00055, -0.58487,
 14:46:38.079,COM3, 2076-28-187 08:14:57.614, -0.012, 0.027, 1.013, 7.874, 2.014, 35.950, 0.198, 0.038, -173.853,,,, 28.78,,, 0.000000, 0.000000, 0.000, 0.000, 0.000, 0, 0.00, 31.20, 0.00, 0.83963, 0.00165, -0.00061, -0.54309,
 14:46:38.277,COM3, 2076-28-187 08:14:57.829, 0.001, -0.004, 1.012, -1.770, 0.427, 19.043, 0.115, 0.049, -170.233,,,, 28.83,,, 0.000000, 0.000000, 0.000, 0.000, 0.000, 0, 0.00, 31.20, 0.00, 0.85678, 0.00110, -0.00015, -0.51559,
 14:46:38.477,COM3, 2076-28-187 08:14:58.025, 0.063, -0.047, 1.016, 0.366, -0.183, 2.380, -0.176, -0.060, -166.657,,,, 28.86,,, 0.000000, 0.000000, 0.000, 0.000, 0.000, 0, 0.00, 31.20, 0.00, 0.87283, -0.00162, 0.00027, -0.48792,
 14:46:38.675,COM3, 2076-28-187 08:14:58.235, 0.097, 0.049, 1.004, 1.953, -44.250, 25.085, -0.143, -4.279, -162.246,,,, 28.81,,, 0.000000, 0.000000, 0.000, 0.000, 0.000, 0, 0.00, 31.20, 0.00, 0.88998, -0.01813, -0.03268, -0.45435,
 14:46:38.875,COM3, 2076-28-187 08:14:58.415, 0.077, 0.119, 0.960, 1.221, -23.315, 6.409, -0.038, -12.953, -161.713,,,, 28.76,,, 0.000000, 0.000000, 0.000, 0.000, 0.000, 0, 0.00, 31.20, 0.00, 0.88748, -0.05103, -0.10059, -0.44675,
 14:46:39.075,COM3, 2076-28-187 08:14:58.609, -0.072, -0.014, 0.997, -2.563, 38.391, 0.000, -0.203, -8.179, -160.779,,,, 28.80,,, 0.000000, 0.000000, 0.000, 0.000, 0.000, 0, 0.00, 31.20, 0.00, 0.89462, -0.03311, -0.06320, -0.44098,
 14:46:39.274,COM3, 2076-28-187 08:14:58.819, 0.089, -0.017, 1.020, -11.780, -0.427, -5.249, -2.208, -4.378, -162.136,,,, 28.80,,, 0.000000, 0.000000, 0.000, 0.000, 0.000, 0, 0.00, 31.20, 0.00, 0.89032, -0.03452, -0.02530, -0.45322,
 14:46:39.472,COM3, 2076-28-187 08:14:59.010, 0.033, 0.053, 1.000, -28.076, 0.061, -3.052, -6.954, -7.114, -163.548,,,, 28.80,,, 0.000000, 0.000000, 0.000, 0.000, 0.000, 0, 0.00, 31.20, 0.00, 0.88138, -0.08234, -0.02689, -0.46426,
 14:46:39.671,COM3, 2076-28-187 08:14:59.154, -0.023, 0.000, 1.019, 20.447, 27.344, 10.254, -3.516, 0.731, -164.619,,,, 28.80,,, 0.000000, 0.000000, 0.000, 0.000, 0.000, 0, 0.00, 31.20, 0.00, 0.87759, -0.02386, 0.02029, -0.47827,
 14:46:39.869,COM3, 2076-28-187 08:14:59.374, -0.099, 0.004, 0.998, 7.202, 3.113, -3.479, -2.532, 2.510, -163.279,,,, 28.80,,, 0.000000, 0.000000, 0.000, 0.000, 0.000, 0, 0.00, 31.20, 0.00, 0.88312, -0.00922, 0.02972, -0.46802,
 14:46:40.068,COM3, 2076-28-187 08:14:59.559, -0.031, 0.013, 0.973, 1.831, -6.287, -3.540, -1.016, 1.280, -164.031,,,, 28.78,,, 0.000000, 0.000000, 0.000, 0.000, 0.000, 0, 0.00, 31.20, 0.00, 0.88034, -0.00250, 0.01404, -0.47403,
 14:46:40.268,COM3, 2076-28-187 08:14:59.740, -0.043, 0.016, 1.017, 0.061, -0.549, -2.869, -0.483, 0.121, -164.399,,,, 28.78,,, 0.000000, 0.000000, 0.000, 0.000, 0.000, 0, 0.00, 31.20, 0.00, 0.87888, -0.00320, 0.00296, -0.47690,
 14:46:40.466,COM3, 2076-28-187 08:14:59.960, -0.122, 0.048, 1.012, -2.258, -0.732, 36.499, -1.796, 0.291, -162.927,,,, 28.78,,, 0.000000, 0.000000, 0.000, 0.000, 0.000, 0, 0.00, 31.20, 0.00, 0.88403, -0.01266, 0.00961, -0.46707,
 14:46:40.666,COM3, 2076-28-187 08:15:00.195, 0.029, 0.125, 1.075, -46.387, 0.122, 2.197, -1.752, 0.066, -159.785,,,, 28.78,,, 0.000000, 0.000000, 0.000, 0.000, 0.000, 0, 0.00, 31.20, 0.00, 0.89716, -0.01346, 0.00729, -0.44131,
 14:46:40.864,COM3, 2076-28-187 08:15:00.414, -0.013, -0.050, 1.010, 4.028, -1.465, 20.142, -1.093, -0.154, -156.786,,,, 28.73,,, 0.000000, 0.000000, 0.000, 0.000, 0.000, 0, 0.00, 31.20, 0.00, 0.90814, -0.00925, 0.00278, -0.41843,
 14:46:41.064,COM3, 2076-28-187 08:15:00.594, -0.035, -0.063, 1.022, 1.282, 2.197, 10.193, -1.214, -0.137, -153.078,,,, 28.76,,, 0.000000, 0.000000, 0.000, 0.000, 0.000, 0, 0.00, 31.20, 0.00, 0.92133, -0.01025, 0.00299, -0.38849,
 14:46:41.263,COM3, 2076-28-187 08:15:00.814, -0.030, -0.032, 1.008, 1.648, 0.244, -2.930, -0.989, -0.192, -151.249,,,, 28.76,,, 0.000000, 0.000000, 0.000, 0.000, 0.000, 0, 0.00, 31.20, 0.00, 0.92761, -0.00867, 0.00165, -0.37329,
 14:46:41.463,COM3, 2076-28-187 08:15:01.000, -0.005, -0.058, 1.016, 1.831, -1.282, 49.438, -0.571, -0.181, -146.893,,,, 28.75,,, 0.000000, 0.000000, 0.000, 0.000, 0.000, 0, 0.00, 31.20, 0.00, 0.94037, -0.00528, 0.00015, -0.33997,
 14:46:41.662,COM3, 2076-28-187 08:15:01.215, -0.011, 0.004, 1.013, -0.305, 0.000, 0.122, -0.104, -0.231, -144.047,,,, 28.76,,, 0.000000, 0.000000, 0.000, 0.000, 0.000, 0, 0.00, 31.20, 0.00, 0.94919, -0.00153, -0.00162, -0.31451,
 14:46:41.860,COM3, 2076-28-187 08:15:01.399, 0.002, -0.002, 1.013, -0.427, -0.061, 2.014, -0.280, -0.220, -143.459,,,, 28.75,,, 0.000000, 0.000000, 0.000, 0.000, 0.000, 0, 0.00, 31.20, 0.00, 0.95074, -0.00293, -0.00107, -0.30981,
 14:46:42.060,COM3, 2076-28-187 08:15:01.619, -0.005, 0.016, 1.014, 0.000, 0.000, 2.380, -0.319, -0.203, -142.372,,,, 28.76,,, 0.000000, 0.000000, 0.000, 0.000, 0.000, 0, 0.00, 31.20, 0.00, 0.95361, -0.00320, -0.00089, -0.30087,
 14:46:42.258,COM3, 2076-28-187 08:15:01.799, -0.004, 0.003, 1.013, 0.000, 0.000, 0.061, -0.302, -0.187, -142.311,,,, 28.73,,, 0.000000, 0.000000, 0.000, 0.000, 0.000, 0, 0.00, 31.20, 0.00, 0.95377, -0.00302, -0.00076, -0.30035,
 14:46:42.458,COM3, 2076-28-187 08:15:01.985, 0.011, 0.002, 1.013, -0.183, 0.061, -1.709, -0.286, -0.170, -142.377,,,, 28.73,,, 0.000000, 0.000000, 0.000, 0.000, 0.000, 0, 0.00, 31.20, 0.00, 0.95361, -0.00284, -0.00067, -0.30087,
 14:46:42.656,COM3, 2076-28-187 08:15:02.205, -0.018, 0.032, 1.014, 2.686, -0.061, -1.343, -0.423, -0.165, -143.064,,,, 28.75,,, 0.000000, 0.000000, 0.000, 0.000, 0.000, 0, 0.00, 31.20, 0.00, 0.95175, -0.00397, -0.00024, -0.30667,
 14:46:42.856,COM3, 2076-28-187 08:15:02.384, -0.015, -0.062, 1.033, 13.977, -4.028, -28.870, 0.352, -0.280, -147.019,,,, 28.73,,, 0.000000, 0.000000, 0.000, 0.000, 0.000, 0, 0.00, 31.20, 0.00, 0.94101, 0.00204, -0.00333, -0.33823,
 14:46:43.055,COM3, 2076-28-187 08:15:02.604, -0.010, 0.011, 1.014, 0.000, -0.061, -3.601, -0.027, -0.198, -148.997,,,, 28.73,,, 0.000000, 0.000000, 0.000, 0.000, 0.000, 0, 0.00, 31.20, 0.00, 0.93460, -0.00082, -0.00153, -0.35553,
 14:46:43.253,COM3, 2076-28-187 08:15:02.789, -0.013, 0.006, 1.011, -0.244, 0.000, -0.366, 0.000, -0.165, -149.431,,,, 28.70,,, 0.000000, 0.000000, 0.000, 0.000, 0.000, 0, 0.00, 31.20, 0.00, 0.93320, -0.00049, -0.00134, -0.35922,
 14:46:43.453,COM3, 2076-28-187 08:15:03.010, -0.004, 0.014, 1.015, -1.648, 0.000, -0.916, -0.099, -0.159, -149.601,,,, 28.73,,, 0.000000, 0.000000, 0.000, 0.000, 0.000, 0, 0.00, 31.20, 0.00, 0.93265, -0.00131, -0.00098, -0.36063,
 14:46:43.651,COM3, 2076-28-187 08:15:03.190, -0.004, 0.003, 1.012, -0.793, -0.061, 0.061, 0.000, -0.143, -149.628,,,, 28.73,,, 0.000000, 0.000000, 0.000, 0.000, 0.000, 0, 0.00, 31.20, 0.00, 0.93253, -0.00040, -0.00116, -0.36096,
 14:46:43.851,COM3, 2076-28-187 08:15:03.409, 0.023, -0.001, 1.015, -0.061, 0.000, -0.183, 0.022, -0.121, -149.694,,,, 28.73,,, 0.000000, 0.000000, 0.000, 0.000, 0.000, 0, 0.00, 31.20, 0.00, 0.93231, -0.00018, -0.00107, -0.36151,
 14:46:44.050,COM3, 2076-28-187 08:15:03.589, -0.040, -0.016, 1.013, 0.000, 0.000, 0.000, 0.027, -0.126, -149.716,,,, 28.70,,, 0.000000, 0.000000, 0.000, 0.000, 0.000, 0, 0.00, 31.20, 0.00, 0.93222, -0.00015, -0.00110, -0.36176,
 14:46:44.249,COM3, 2076-28-187 08:15:03.774, -0.025, 0.012, 1.020, 6.592, -2.319, -8.423, 0.374, -0.132, -150.771,,,, 28.72,,, 0.000000, 0.000000, 0.000, 0.000, 0.000, 0, 0.00, 31.20, 0.00, 0.92899, 0.00259, -0.00226, -0.37000,
 14:46:44.447,COM3, 2076-28-187 08:15:03.995, -0.063, 0.044, 1.042, -3.967, 1.831, -17.822, 1.945, -0.818, -151.897,,,, 28.73,,, 0.000000, 0.000000, 0.000, 0.000, 0.000, 0, 0.00, 31.20, 0.00, 0.92523, 0.01300, -0.01306, -0.37878,
 14:46:44.647,COM3, 2076-28-187 08:15:04.149, -0.002, 0.021, 1.056, -18.982, 4.089, -14.954, 0.406, -0.461, -154.017,,,, 28.70,,, 0.000000, 0.000000, 0.000, 0.000, 0.000, 0, 0.00, 31.20, 0.00, 0.91812, 0.00168, -0.00513, -0.39609,
 14:46:44.846,COM3, 2076-28-187 08:15:04.334, -0.053, 0.000, 1.015, 0.183, 0.244, -6.042, 0.093, -0.390, -155.369,,,, 28.72,,, 0.000000, 0.000000, 0.000, 0.000, 0.000, 0, 0.00, 31.20, 0.00, 0.91324, -0.00061, -0.00345, -0.40729,
 14:46:45.046,COM3, 2076-28-187 08:15:04.550, -0.090, 0.041, 1.014, 0.061, -0.671, -12.329, 0.115, -0.368, -156.671,,,, 28.69,,, 0.000000, 0.000000, 0.000, 0.000, 0.000, 0, 0.00, 31.20, 0.00, 0.90863, -0.00043, -0.00336, -0.41745,
 14:46:45.244,COM3, 2076-28-187 08:15:04.735, 0.077, -0.026, 1.008, 8.240, -0.916, -2.380, 0.209, -0.379, -158.346,,,, 28.70,,, 0.000000, 0.000000, 0.000, 0.000, 0.000, 0, 0.00, 31.20, 0.00, 0.90222, 0.00018, -0.00375, -0.43112,
 14:46:45.443,COM3, 2076-28-187 08:15:04.919, 0.083, 0.063, 0.990, -6.409, 3.357, -1.770, 1.791, -0.747, -153.182,,,, 28.67,,, 0.000000, 0.000000, 0.000, 0.000, 0.000, 0, 0.00, 31.20, 0.00, 0.92062, 0.01181, -0.01212, -0.38998,
 14:46:45.642,COM3, 2076-28-187 08:15:05.184, -0.006, -0.060, 0.993, -17.944, -0.854, 4.639, -0.939, -0.302, -154.638,,,, 28.69,,, 0.000000, 0.000000, 0.000, 0.000, 0.000, 0, 0.00, 31.20, 0.00, 0.91553, -0.00861, 0.00085, -0.40201,
 14:46:45.842,COM3, 2076-28-187 08:15:05.369, -0.010, -0.002, 1.014, 0.183, -0.305, 2.563, -0.099, -0.330, -157.412,,,, 28.69,,, 0.000000, 0.000000, 0.000, 0.000, 0.000, 0, 0.00, 31.20, 0.00, 0.90561, -0.00201, -0.00223, -0.42398,
 14:46:46.041,COM3, 2076-28-187 08:15:05.589, 0.004, 0.007, 1.007, 7.874, -1.831, -6.531, 0.555, -0.450, -156.945,,,, 28.67,,, 0.000000, 0.000000, 0.000, 0.000, 0.000, 0, 0.00, 31.20, 0.00, 0.90747, 0.00275, -0.00562, -0.41995,
 14:46:46.238,COM3, 2076-28-187 08:15:05.770, 0.021, -0.040, 1.005, -19.653, 3.296, -3.845, 1.340, -0.582, -157.302,,,, 28.69,,, 0.000000, 0.000000, 0.000, 0.000, 0.000, 0, 0.00, 31.20, 0.00, 0.90604, 0.00842, -0.00955, -0.42288,
 14:46:46.438,COM3, 2076-28-187 08:15:05.990, -0.005, -0.009, 1.010, -0.549, 0.916, -4.883, -0.049, -0.291, -158.357,,,, 28.67,,, 0.000000, 0.000000, 0.000, 0.000, 0.000, 0, 0.00, 31.20, 0.00, 0.90219, -0.00150, -0.00211, -0.43124,
 14:46:46.636,COM3, 2076-28-187 08:15:06.174, -0.008, 0.007, 1.010, 5.615, -1.160, 2.258, 1.187, -0.445, -159.785,,,, 28.65,,, 0.000000, 0.000000, 0.000, 0.000, 0.000, 0, 0.00, 31.20, 0.00, 0.89655, 0.00757, -0.00812, -0.44272,
 14:46:46.835,COM3, 2076-28-187 08:15:06.389, -0.005, 0.004, 1.013, -1.343, 0.305, -0.122, 1.406, -0.461, -159.999,,,, 28.70,,, 0.000000, 0.000000, 0.000, 0.000, 0.000, 0, 0.00, 31.20, 0.00, 0.89572, 0.00922, -0.00909, -0.44434,
 14:46:47.037,COM3, 2076-28-187 08:15:06.574, -0.012, 0.007, 1.007, 0.183, -0.183, -0.061, 1.225, -0.396, -160.120,,,, 28.67,,, 0.000000, 0.000000, 0.000, 0.000, 0.000, 0, 0.00, 31.20, 0.00, 0.89526, 0.00803, -0.00787, -0.44528,
 14:46:47.236,COM3, 2076-28-187 08:15:06.795, -0.003, 0.002, 1.020, 0.000, -0.244, -3.601, 1.500, -0.445, -160.159,,,, 28.67,,, 0.000000, 0.000000, 0.000, 0.000, 0.000, 0, 0.00, 31.20, 0.00, 0.89514, 0.00998, -0.00931, -0.44547,
 14:46:47.434,COM3, 2076-28-187 08:15:06.975, 0.018, 0.004, 1.012, -0.427, 0.000, -0.916, 1.582, -0.445, -160.280,,,, 28.64,,, 0.000000, 0.000000, 0.000, 0.000, 0.000, 0, 0.00, 31.20, 0.00, 0.89459, 0.01059, -0.00967, -0.44656,
 14:46:47.632,COM3, 2076-28-187 08:15:07.159, -0.008, 0.044, 1.055, -13.000, 2.747, -13.550, 0.390, -0.236, -161.054,,,, 28.64,,, 0.000000, 0.000000, 0.000, 0.000, 0.000, 0, 0.00, 31.20, 0.00, 0.89188, 0.00208, -0.00342, -0.45215,
